iter	Logloss
0	0.6607723268
1	0.641739998
2	0.6255500244
3	0.6027964682
4	0.5811713483
